{
  "tasks": [
    {
      "id": 2,
      "Name": "angular",
      "Status": "incomplete"
    },
    {
      "id": 3,
      "Name": "anu",
      "Status": "complete"
    },
    {
      "id": 6,
      "Name": "anu",
      "Status": "incomplete"
    }
  ],
  "register": [
    {
      "firstName": "r",
      "lastName": "tt",
      "username": "ttt",
      "password": "tttttt",
      "id": "EE3bEHo"
    },
    {
      "firstName": "oo",
      "lastName": "opop",
      "username": "opop",
      "password": "ooooooo",
      "id": "fiivuSR"
    },
    {
      "firstName": "kk",
      "lastName": "kk",
      "username": "kk",
      "password": "kkkkkk",
      "id": "KnpqNjO"
    },
    {
      "firstName": "viju",
      "lastName": "laxmi",
      "username": "vv",
      "password": "vvvvvv",
      "id": "WsZbASy"
    },
    {
      "firstName": "vijuu",
      "lastName": "laxmi",
      "username": "vv",
      "password": "vvvvvv",
      "id": "xtMPsH3"
    }
  ]
}